,main_y_loss,percentage_y_loss,loss,acc_main_y,prec_main_y,rec_main_y,f1_main_y,mcc_main_y,MAE_percentage_y,MSE_percentage_y,r2_percentage_y,heads,win,featset,exp_name
0,0.33175766468048096,0.08581054210662842,0.146035298705101,0.8647632598876953,0.869547426700592,0.9545041918754578,0.8583776950836182,0.6514879465103149,0.19579677283763885,0.0858106017112732,0.5350204706192017,twoheads,10min_centered,tsfresh,exp_twoheads_tsfresh_10min_centered_n20
1,0.3325710892677307,0.08620396256446838,0.14653173089027405,0.8639842867851257,0.8724920153617859,0.9488924145698547,0.8583660125732422,0.6499882936477661,0.1922389715909958,0.08620399236679077,0.5328888297080994,twoheads,10min_centered,tsfresh,exp_twoheads_tsfresh_10min_centered_n20
2,0.33066314458847046,0.08575358986854553,0.14572414755821228,0.8660502433776855,0.8739392161369324,0.9501565098762512,0.8605443835258484,0.6555415391921997,0.19670641422271729,0.08575347065925598,0.5353299975395203,twoheads,10min_centered,tsfresh,exp_twoheads_tsfresh_10min_centered_n20
3,0.33105599880218506,0.0856001004576683,0.1457044929265976,0.8666345477104187,0.877410352230072,0.9461043477058411,0.861816942691803,0.6578044295310974,0.19636350870132446,0.08560005575418472,0.5361613035202026,twoheads,10min_centered,tsfresh,exp_twoheads_tsfresh_10min_centered_n20
4,0.3295244872570038,0.08526263386011124,0.14507454633712769,0.8665159344673157,0.8733332753181458,0.951798677444458,0.8608277440071106,0.6566201448440552,0.19538383185863495,0.08526259660720825,0.5379899144172668,twoheads,10min_centered,tsfresh,exp_twoheads_tsfresh_10min_centered_n20
