,main_y_loss,percentage_y_loss,loss,acc_main_y,prec_main_y,rec_main_y,f1_main_y,mcc_main_y,MAE_percentage_y,MSE_percentage_y,r2_percentage_y,heads,win,featset,exp_name
0,0.36124280095100403,0.09360779076814651,0.2129458785057068,0.8523504734039307,0.8600733876228333,0.9495328068733215,0.8445754647254944,0.613449215888977,0.20596863329410553,0.09360788017511368,0.4927695691585541,twoheads,10min_notcentered,raw,exp_twoheads_raw_10min_notcentered_n20
1,0.355730801820755,0.09304925054311752,0.21017803251743317,0.8539931178092957,0.8652904033660889,0.9443497657775879,0.8474418520927429,0.6190803050994873,0.21373069286346436,0.09304920583963394,0.4957968294620514,twoheads,10min_notcentered,raw,exp_twoheads_raw_10min_notcentered_n20
2,0.35575708746910095,0.09240266680717468,0.20983168482780457,0.8537221550941467,0.8645057082176208,0.945078432559967,0.8469974398612976,0.618156909942627,0.20859426259994507,0.09240254014730453,0.49930092692375183,twoheads,10min_notcentered,raw,exp_twoheads_raw_10min_notcentered_n20
3,0.3542168438434601,0.09197185188531876,0.2089061439037323,0.8550176024436951,0.8660089373588562,0.94496089220047,0.8485296368598938,0.6218845844268799,0.20763808488845825,0.09197188168764114,0.5016344785690308,twoheads,10min_notcentered,raw,exp_twoheads_raw_10min_notcentered_n20
4,0.35758092999458313,0.09270410984754562,0.2108125388622284,0.8534596562385559,0.8641002774238586,0.9452547430992126,0.8466593623161316,0.61737060546875,0.20655174553394318,0.09270409494638443,0.4976668655872345,twoheads,10min_notcentered,raw,exp_twoheads_raw_10min_notcentered_n20
