,main_y_loss,percentage_y_loss,loss,acc_main_y,prec_main_y,rec_main_y,f1_main_y,mcc_main_y,MAE_percentage_y,MSE_percentage_y,r2_percentage_y,heads,win,featset,exp_name
0,0.28216955065727234,0.053863078355789185,0.18773794174194336,0.8875396847724915,0.8923187851905823,0.9663863182067871,0.8818526864051819,0.6857092380523682,0.14600636065006256,0.05386308580636978,0.6227719783782959,twoheads,40min_centered,tsfresh,exp_twoheads_tsfresh_40min_centered_n20
1,0.28336355090141296,0.05384737625718117,0.18843163549900055,0.8869842290878296,0.8865902423858643,0.9735594987869263,0.8799635171890259,0.6836631894111633,0.15391097962856293,0.05384739488363266,0.6228819489479065,twoheads,40min_centered,tsfresh,exp_twoheads_tsfresh_40min_centered_n20
2,0.28638356924057007,0.0552494190633297,0.1907823234796524,0.888475239276886,0.897821307182312,0.960306704044342,0.8839054703712463,0.689491868019104,0.15828868746757507,0.055249422788619995,0.613062858581543,twoheads,40min_centered,tsfresh,exp_twoheads_tsfresh_40min_centered_n20
3,0.28285208344459534,0.05404891073703766,0.18821501731872559,0.8884947299957275,0.8978722095489502,0.9602676630020142,0.8839337825775146,0.6895585656166077,0.1485493928194046,0.054048895835876465,0.6214706301689148,twoheads,40min_centered,tsfresh,exp_twoheads_tsfresh_40min_centered_n20
4,0.2845197319984436,0.059225816279649734,0.19133411347866058,0.8872863054275513,0.8947916030883789,0.9626109600067139,0.8821766972541809,0.685472309589386,0.1712227463722229,0.05922580510377884,0.585214376449585,twoheads,40min_centered,tsfresh,exp_twoheads_tsfresh_40min_centered_n20
