,main_y_loss,percentage_y_loss,loss,acc_main_y,prec_main_y,rec_main_y,f1_main_y,mcc_main_y,MAE_percentage_y,MSE_percentage_y,r2_percentage_y,heads,win,featset,exp_name
0,0.3039494454860687,0.056911975145339966,0.10609275102615356,0.8825306296348572,0.8993093967437744,0.9493712782859802,0.878814160823822,0.6744019985198975,0.16802841424942017,0.05691199377179146,0.6014190912246704,twoheads,40min_centered,raw,exp_twoheads_raw_40min_centered_n20
1,0.30984997749328613,0.059425048530101776,0.10928025096654892,0.8801235556602478,0.8948695659637451,0.9516624808311462,0.8757134079933167,0.6662876605987549,0.1778857558965683,0.05942500755190849,0.5838193297386169,twoheads,40min_centered,raw,exp_twoheads_raw_40min_centered_n20
2,0.29941901564598083,0.05831994116306305,0.10631843656301498,0.881166398525238,0.8924068808555603,0.9565834403038025,0.8761052489280701,0.6681114435195923,0.17375275492668152,0.05831988900899887,0.5915589332580566,twoheads,40min_centered,raw,exp_twoheads_raw_40min_centered_n20
3,0.2981584668159485,0.058371651917696,0.10610891133546829,0.8812443017959595,0.8887913227081299,0.9616866707801819,0.8753254413604736,0.6672723889350891,0.174052894115448,0.058371637016534805,0.5911965370178223,twoheads,40min_centered,raw,exp_twoheads_raw_40min_centered_n20
4,0.30608150362968445,0.05882100388407707,0.10804612189531326,0.8811273574829102,0.8961741924285889,0.9514281749725342,0.8768983483314514,0.6694371700286865,0.17673352360725403,0.05882100760936737,0.5880494117736816,twoheads,40min_centered,raw,exp_twoheads_raw_40min_centered_n20
