,main_y_loss,percentage_y_loss,loss,acc_main_y,prec_main_y,rec_main_y,f1_main_y,mcc_main_y,MAE_percentage_y,MSE_percentage_y,r2_percentage_y,heads,win,featset,exp_name
0,0.31207534670829773,0.058099277317523956,0.1298254132270813,0.8726782202720642,0.884389340877533,0.9581835865974426,0.8654088973999023,0.6251330971717834,0.1788790225982666,0.05809928476810455,0.5931039452552795,twoheads,40min_notcentered,raw,exp_twoheads_raw_40min_notcentered_n20
1,0.3159635066986084,0.05485757440328598,0.12859731912612915,0.8714015483856201,0.8937523365020752,0.9434008002281189,0.8668605089187622,0.6271370649337769,0.15571936964988708,0.05485757067799568,0.6158071756362915,twoheads,40min_notcentered,raw,exp_twoheads_raw_40min_notcentered_n20
2,0.31606176495552063,0.05464285612106323,0.12847095727920532,0.8721227049827576,0.8888954520225525,0.9510735273361206,0.8662172555923462,0.6259231567382812,0.15011027455329895,0.05464284494519234,0.6173109412193298,twoheads,40min_notcentered,raw,exp_twoheads_raw_40min_notcentered_n20
3,0.3143549859523773,0.06510347127914429,0.1354953795671463,0.8726489543914795,0.8835612535476685,0.959308922290802,0.8651328682899475,0.6246897578239441,0.19457897543907166,0.06510347127914429,0.544050395488739,twoheads,40min_notcentered,raw,exp_twoheads_raw_40min_notcentered_n20
4,0.32048508524894714,0.05667317286133766,0.1311771124601364,0.8700177073478699,0.87509685754776,0.9675315618515015,0.8600457906723022,0.6140628457069397,0.1602296531200409,0.05667315423488617,0.6030917763710022,twoheads,40min_notcentered,raw,exp_twoheads_raw_40min_notcentered_n20
