,main_y_loss,percentage_y_loss,loss,acc_main_y,prec_main_y,rec_main_y,f1_main_y,mcc_main_y,MAE_percentage_y,MSE_percentage_y,r2_percentage_y,heads,win,featset,exp_name
0,0.32362234592437744,0.09945613890886307,0.16687823832035065,0.8685387372970581,0.8720207810401917,0.9626242518424988,0.8606626987457275,0.6425348520278931,0.2581944465637207,0.0994560495018959,0.4055670201778412,twoheads,20min_notcentered,tsfresh,exp_twoheads_tsfresh_20min_notcentered_n20
1,0.3266805410385132,0.07867284119129181,0.15326565504074097,0.8684942722320557,0.8739123940467834,0.9597612619400024,0.8611496686935425,0.6426886916160583,0.22086666524410248,0.07867282629013062,0.5297850966453552,twoheads,20min_notcentered,tsfresh,exp_twoheads_tsfresh_20min_notcentered_n20
2,0.33731740713119507,0.07806330919265747,0.15603861212730408,0.8698720932006836,0.8762090802192688,0.9585895538330078,0.8629888892173767,0.6469153761863708,0.22259753942489624,0.07806332409381866,0.5334279537200928,twoheads,20min_notcentered,tsfresh,exp_twoheads_tsfresh_20min_notcentered_n20
3,0.323586642742157,0.08597012609243393,0.15743756294250488,0.8685031533241272,0.8722514510154724,0.9622255563735962,0.8606963753700256,0.6424623727798462,0.24261325597763062,0.08597011119127274,0.48617035150527954,twoheads,20min_notcentered,tsfresh,exp_twoheads_tsfresh_20min_notcentered_n20
4,0.32619011402130127,0.10010198503732681,0.1681019812822342,0.8677387237548828,0.8711221814155579,0.962684690952301,0.8596983551979065,0.6401617527008057,0.26056188344955444,0.10010197013616562,0.4017065167427063,twoheads,20min_notcentered,tsfresh,exp_twoheads_tsfresh_20min_notcentered_n20
