,main_y_loss,percentage_y_loss,loss,acc_main_y,prec_main_y,rec_main_y,f1_main_y,mcc_main_y,MAE_percentage_y,MSE_percentage_y,r2_percentage_y,heads,win,featset,exp_name
0,0.461571604013443,0.13061439990997314,0.24874062836170197,0.8537827730178833,0.9111208915710449,0.8860970735549927,0.8553800582885742,0.6384695768356323,0.32225868105888367,0.13061431050300598,0.21933910250663757,twoheads,20min_centered,raw,exp_twoheads_raw_20min_centered_n20
1,0.3258562386035919,0.07479427009820938,0.16440410912036896,0.870689868927002,0.8824701905250549,0.9492478966712952,0.8656858801841736,0.6569276452064514,0.17817489802837372,0.07479429990053177,0.5529664754867554,twoheads,20min_centered,raw,exp_twoheads_raw_20min_centered_n20
2,0.3343280553817749,0.07610946893692017,0.1682734489440918,0.8710454702377319,0.8807737231254578,0.9522075653076172,0.8656255602836609,0.6573551893234253,0.20442970097064972,0.07610943168401718,0.5451061129570007,twoheads,20min_centered,raw,exp_twoheads_raw_20min_centered_n20
3,0.32787829637527466,0.0745764672756195,0.16498559713363647,0.8690542578697205,0.8803346157073975,0.9496741890907288,0.8637398481369019,0.6521010994911194,0.17338992655277252,0.0745764970779419,0.5542682409286499,twoheads,20min_centered,raw,exp_twoheads_raw_20min_centered_n20
4,0.33852946758270264,0.07450918108224869,0.1687440425157547,0.8696054220199585,0.8982567191123962,0.9262529611587524,0.8677403926849365,0.6614949703216553,0.19591209292411804,0.07450921833515167,0.5546703338623047,twoheads,20min_centered,raw,exp_twoheads_raw_20min_centered_n20
