,main_y_loss,percentage_y_loss,loss,acc_main_y,prec_main_y,rec_main_y,f1_main_y,mcc_main_y,MAE_percentage_y,MSE_percentage_y,r2_percentage_y,heads,win,featset,exp_name
0,0.36421695351600647,0.09344236552715302,0.10935693234205246,0.8534004092216492,0.8628334999084473,0.945809006690979,0.8466121554374695,0.6208348870277405,0.2189682126045227,0.09344236552715302,0.4936664402484894,twoheads,10min_centered,raw,exp_twoheads_raw_10min_centered_n20
1,0.35903382301330566,0.09326621145009995,0.10888650268316269,0.8536036014556885,0.867951512336731,0.9385197758674622,0.8480722308158875,0.6229199171066284,0.21373902261257172,0.09326620399951935,0.49462100863456726,twoheads,10min_centered,raw,exp_twoheads_raw_10min_centered_n20
2,0.36611664295196533,0.09482897073030472,0.11077369749546051,0.8549668192863464,0.8787246346473694,0.9253470301628113,0.8516239523887634,0.6307525038719177,0.23222264647483826,0.09482897818088531,0.48615285754203796,twoheads,10min_centered,raw,exp_twoheads_raw_10min_centered_n20
3,0.36125603318214417,0.09371363371610641,0.1094382032752037,0.8547550439834595,0.8563297390937805,0.9580837488174438,0.8459815979003906,0.6233813762664795,0.21479257941246033,0.09371361881494522,0.49219658970832825,twoheads,10min_centered,raw,exp_twoheads_raw_10min_centered_n20
4,0.3975488245487213,0.10312268882989883,0.12042732536792755,0.8472447991371155,0.8871155381202698,0.901589035987854,0.8462533950805664,0.6193423867225647,0.2635205388069153,0.10312266647815704,0.44121208786964417,twoheads,10min_centered,raw,exp_twoheads_raw_10min_centered_n20
