,main_y_loss,percentage_y_loss,loss,acc_main_y,prec_main_y,rec_main_y,f1_main_y,mcc_main_y,MAE_percentage_y,MSE_percentage_y,r2_percentage_y,heads,win,featset,exp_name
0,0.32629525661468506,0.07185719162225723,0.11720927059650421,0.8653830885887146,0.8785158395767212,0.9481765031814575,0.8595929145812988,0.6356808543205261,0.17776595056056976,0.07185716181993484,0.5705211758613586,twoheads,20min_notcentered,raw,exp_twoheads_raw_20min_notcentered_n20
1,0.3315710723400116,0.0709306076169014,0.11738826334476471,0.8671964406967163,0.8831915855407715,0.944431722164154,0.8623226881027222,0.642152726650238,0.17447330057621002,0.0709306001663208,0.576059103012085,twoheads,20min_notcentered,raw,exp_twoheads_raw_20min_notcentered_n20
2,0.3290339410305023,0.07134366780519485,0.11727546900510788,0.867863118648529,0.8846101760864258,0.9435015916824341,0.8632389903068542,0.6444259881973267,0.18122093379497528,0.07134363800287247,0.5735903978347778,twoheads,20min_notcentered,raw,exp_twoheads_raw_20min_notcentered_n20
3,0.33106011152267456,0.07163995504379272,0.11788001656532288,0.8676230907440186,0.8832202553749084,0.9450598359107971,0.8627094626426697,0.643232524394989,0.18409307301044464,0.07163996994495392,0.5718193650245667,twoheads,20min_notcentered,raw,exp_twoheads_raw_20min_notcentered_n20
4,0.3246276080608368,0.06995292752981186,0.11534721404314041,0.8674365282058716,0.8817870616912842,0.9467751979827881,0.8622096180915833,0.6421800851821899,0.17473727464675903,0.06995290517807007,0.5819026827812195,twoheads,20min_notcentered,raw,exp_twoheads_raw_20min_notcentered_n20
