,main_y_loss,percentage_y_loss,loss,acc_main_y,prec_main_y,rec_main_y,f1_main_y,mcc_main_y,MAE_percentage_y,MSE_percentage_y,r2_percentage_y,heads,win,featset,exp_name
0,0.31136012077331543,0.05514727905392647,0.08700249344110489,0.8749585747718811,0.8822958469390869,0.9646031260490417,0.8667640089988708,0.6309474110603333,0.16366015374660492,0.055147312581539154,0.6137779951095581,twoheads,40min_notcentered,tsfresh,exp_twoheads_tsfresh_40min_notcentered_n20
1,0.3140787184238434,0.053085241466760635,0.08553484827280045,0.8746077418327332,0.8841251134872437,0.9614700675010681,0.8670206069946289,0.6305387020111084,0.1571211814880371,0.053085245192050934,0.6282196044921875,twoheads,40min_notcentered,tsfresh,exp_twoheads_tsfresh_40min_notcentered_n20
2,0.3123529255390167,0.05442243069410324,0.08649121969938278,0.8738865852355957,0.8799194097518921,0.9663934707641602,0.8650622963905334,0.6270686984062195,0.1657753884792328,0.05442242696881294,0.6188546419143677,twoheads,40min_notcentered,tsfresh,exp_twoheads_tsfresh_40min_notcentered_n20
3,0.32251423597335815,0.05297153443098068,0.08648405969142914,0.8731556534767151,0.8828393816947937,0.9610992670059204,0.8653542995452881,0.6258528232574463,0.15443582832813263,0.05297153815627098,0.6290159225463867,twoheads,40min_notcentered,tsfresh,exp_twoheads_tsfresh_40min_notcentered_n20
4,0.3147989511489868,0.05558333918452263,0.08781187236309052,0.87541663646698,0.8870023488998413,0.9586439728736877,0.8685803413391113,0.6340065598487854,0.17170388996601105,0.05558335408568382,0.6107240915298462,twoheads,40min_notcentered,tsfresh,exp_twoheads_tsfresh_40min_notcentered_n20
